{
    "leftCameraMatrix": [
        [
            648.3906903300664,
            0.0,
            538.8289982701777
        ],
        [
            0.0,
            648.2979080706375,
            541.593207247923
        ],
        [
            0.0,
            0.0,
            1.0
        ]
    ],
    "rightCameraMatrix": [
        [
            648.1038967609559,
            0.0,
            538.286445283906
        ],
        [
            0.0,
            647.9620608036406,
            540.4592010741038
        ],
        [
            0.0,
            0.0,
            1.0
        ]
    ],
    "leftDistCoeffs": [
        [
            -0.4162161603030042,
            0.19396319066414375,
            0.0,
            0.0,
            -0.04725469730215912
        ]
    ],
    "rightDistCoeffs": [
        [
            -0.4097263127195345,
            0.19282462889458843,
            0.0,
            0.0,
            -0.0482945340010691
        ]
    ],
    "R": [
        [
            0.9999999997265633,
            2.033371895797472e-06,
            2.329675432282933e-05
        ],
        [
            -2.0357634576633703e-06,
            0.9999999947287107,
            0.00010265687559111929
        ],
        [
            -2.329654546041813e-05,
            -0.00010265692298973061,
            0.9999999944594135
        ]
    ],
    "T": [
        -0.0637047447091441,
        -0.0005040064155861355,
        0.0007201022467602354
    ],
    "R1": [
        [
            0.9999050764853314,
            0.007914039813954173,
            -0.011278563414125899
        ],
        [
            -0.00791346147694972,
            0.9999686834744819,
            9.590497579647168e-05
        ],
        [
            0.011278969204503738,
            -6.643395066075073e-06,
            0.9999363903816828
        ]
    ],
    "R2": [
        [
            0.9999048295501876,
            0.007910846379960175,
            -0.011302670116529181
        ],
        [
            -0.00791142593230648,
            0.9999687041585985,
            -6.564375900969836e-06
        ],
        [
            0.011302264460188465,
            9.598398863057707e-05,
            0.9999361227624222
        ]
    ],
    "P1": [
        [
            648.129984437139,
            0.0,
            550.9577713012695,
            0.0
        ],
        [
            0.0,
            648.129984437139,
            540.9846954345703,
            0.0
        ],
        [
            0.0,
            0.0,
            1.0,
            0.0
        ]
    ],
    "P2": [
        [
            648.129984437139,
            0.0,
            550.9577713012695,
            -41.29288505935463
        ],
        [
            0.0,
            648.129984437139,
            540.9846954345703,
            0.0
        ],
        [
            0.0,
            0.0,
            1.0,
            0.0
        ]
    ],
    "calibResolution": [
        2160,
        1080
    ],
    "resolution": [
        4320,
        2160
    ]
}