{
    "leftCameraMatrix": [
        [
            727.072635,
            0.0,
            588.30097
        ],
        [
            0.0,
            727.102335,
            555.37351
        ],
        [
            0.0,
            0.0,
            1.0
        ]
    ],
    "rightCameraMatrix": [
        [
            727.190135,
            0.0,
            441.586879
        ],
        [
            0.0,
            727.226355,
            555.90549
        ],
        [
            0.0,
            0.0,
            1.0
        ]
    ],
    "leftDistCoeffs": [
        -0.4526689,
        0.24822099,
        0.0,
        0.0,
        -0.08137117
    ],
    "rightDistCoeffs": [
        -0.45337745,
        0.25076829,
        0.0,
        0.0,
        -0.08389597
    ],
    "R": [
        [
            0.739661105,
            -0.672979513,
            -0.000156848048
        ],
        [
            0.672979512,
            0.739661119,
            -6.59325028e-05
        ],
        [
            0.000160385626,
            -5.67878148e-05,
            0.999999986
        ]
    ],
    "T": [
        -0.05778554,
        -0.02258058,
        0.00032701
    ],
    "R1": [
        [
            0.933856419829226,
            -0.35760674448507707,
            -0.005440904568665605
        ],
        [
            0.35761199247049197,
            0.9338702601334709,
            -8.917868746100739e-06
        ],
        [
            0.0050842880549111765,
            -0.0019374047146625691,
            0.9999851981294254
        ]
    ],
    "R2": [
        [
            0.9314001376214608,
            0.3639587917595496,
            -0.005270819637657623
        ],
        [
            -0.3639638700849772,
            0.9314130669319903,
            -4.594496719475368e-06
        ],
        [
            0.0049076380764812855,
            0.0019226672287185865,
            0.9999861091231408
        ]
    ],
    "P1": [
        [
            727.164345,
            0.0,
            521.10813522,
            0.0
        ],
        [
            0.0,
            727.164345,
            581.8371048,
            0.0
        ],
        [
            0.0,
            0.0,
            1.0,
            0.0
        ]
    ],
    "P2": [
        [
            727.164345,
            0.0,
            521.10813522,
            -45.11442789
        ],
        [
            0.0,
            727.164345,
            581.8371048,
            0.0
        ],
        [
            0.0,
            0.0,
            1.0,
            0.0
        ]
    ],
    "calibResolution": [
        2064,
        1104
    ],
    "resolution": [
        4128,
        2208
    ]
}